Bereich;Position;Datum;Beginn;Ende;Plaetze;Briefing
;Akkreditierung, PreScan 1 (Check-in Hero);2026-04-07;12:00;13:00;1;https://docs.google.com/document/d/1uA34t5YQZX1e2rammXQQS6mqdx7d99wxksuvXLTvcMQ/edit?tab=t.e4bl9yyv1k11
;Construction Hero 3;2026-04-07;11:00;17:00;1;
;Construction Hero 4;2026-04-07;11:00;17:00;1;
;Construction Hero 6;2026-04-07;14:00;19:00;1;
;Construction Hero 7;2026-04-07;14:00;19:00;1;
;Construction Hero 8;2026-04-07;14:00;19:00;1;
;Hackathon Hero 1;2026-04-07;11:00;16:00;1;
;Hackathon Hero Lead;2026-04-07;10:00;16:00;1;
;Marketing Hero 1;2026-04-07;08:00;22:00;1;
;Marketing Lead;2026-04-07;08:00;24:00;1;
;Speakers Care Lead 1;2026-04-07;08:00;24:00;1;
;Akkreditierung, Partner Counter 1 (Check-in Hero);2026-04-08;09:00;19:00;1;https://docs.google.com/document/d/1uA34t5YQZX1e2rammXQQS6mqdx7d99wxksuvXLTvcMQ/edit?tab=t.nau5g4c2i8mr
;Construction Hero 1;2026-04-08;10:00;16:00;1;
;Construction Hero 10;2026-04-08;13:00;19:00;1;
;Construction Hero 11;2026-04-08;13:00;19:00;1;
;Construction Hero 12;2026-04-08;13:00;19:00;1;
;Construction Hero 13;2026-04-08;13:00;19:00;1;
;Construction Hero 14;2026-04-08;12:00;19:00;1;
;Construction Hero 2;2026-04-08;10:00;16:00;1;
;Construction Hero 3;2026-04-08;10:00;16:00;1;
;Construction Hero 4;2026-04-08;10:00;16:00;1;
;Construction Hero 5;2026-04-08;10:00;16:00;1;
;Construction Hero 6;2026-04-08;10:00;16:00;1;
;Construction Hero 7;2026-04-08;10:00;16:00;1;
;Construction Hero 9;2026-04-08;10:00;16:00;1;
;Event Operations Lead (Check-in Hero);2026-04-08;08:00;23:00;1;
;Hackathon Hero 1;2026-04-08;09:00;13:00;1;
;Hackathon Hero 2;2026-04-08;09:00;16:00;1;
;Hackathon Hero 3;2026-04-08;09:00;16:00;1;
;Hackathon Hero 4;2026-04-08;12:00;18:00;1;
;Hackathon Hero 5;2026-04-08;09:00;16:00;1;
;Hackathon Hero 5;2026-04-08;09:00;18:00;1;
;Hackathon Hero 6;2026-04-08;12:00;18:00;1;
;Hackathon Hero Lead;2026-04-08;08:00;22:00;1;
;Marketing Hero 1;2026-04-08;08:00;22:00;1;
;Marketing Hero 1.1;2026-04-08;08:00;22:00;1;
;Marketing Hero 1.2;2026-04-08;08:00;22:00;1;
;Marketing Lead;2026-04-08;07:00;24:00;1;
;Speakers Care Lead 1;2026-04-08;07:00;24:00;1;
;Akkreditierung, Partner Counter 1 (Check-in Hero);2026-04-09;09:00;19:00;1;https://docs.google.com/document/d/1uA34t5YQZX1e2rammXQQS6mqdx7d99wxksuvXLTvcMQ/edit?tab=t.nau5g4c2i8mr
;Akkreditierung, Partner Counter 1.1 (Check-in Hero);2026-04-09;13:00;19:00;1;https://docs.google.com/document/d/1uA34t5YQZX1e2rammXQQS6mqdx7d99wxksuvXLTvcMQ/edit?tab=t.nau5g4c2i8mr
;Akkreditierung, PreScan 1 (Check-in Hero);2026-04-09;09:00;12:00;1;https://docs.google.com/document/d/1uA34t5YQZX1e2rammXQQS6mqdx7d99wxksuvXLTvcMQ/edit?tab=t.e4bl9yyv1k11
;Akkreditierung, PreScan 1 (Check-in Hero);2026-04-09;14:00;18:00;1;https://docs.google.com/document/d/1uA34t5YQZX1e2rammXQQS6mqdx7d99wxksuvXLTvcMQ/edit?tab=t.e4bl9yyv1k11
;Akkreditierung, PreScan 2 (Check-in Hero);2026-04-09;09:00;12:00;1;https://docs.google.com/document/d/1uA34t5YQZX1e2rammXQQS6mqdx7d99wxksuvXLTvcMQ/edit?tab=t.e4bl9yyv1k11
;Akkreditierung, PreScan 2 (Check-in Hero);2026-04-09;14:00;18:00;1;https://docs.google.com/document/d/1uA34t5YQZX1e2rammXQQS6mqdx7d99wxksuvXLTvcMQ/edit?tab=t.e4bl9yyv1k11
;Akkreditierung, Regular Counter 1 (Check-in Hero);2026-04-09;09:00;12:00;1;https://docs.google.com/document/d/1uA34t5YQZX1e2rammXQQS6mqdx7d99wxksuvXLTvcMQ/edit?tab=t.ay6hw3i0fu7o
;Akkreditierung, Regular Counter 2 (Check-in Hero);2026-04-09;10:00;13:00;1;https://docs.google.com/document/d/1uA34t5YQZX1e2rammXQQS6mqdx7d99wxksuvXLTvcMQ/edit?tab=t.ay6hw3i0fu7o
;Akkreditierung, Regular Counter 2 (Check-in Hero);2026-04-09;14:00;18:00;1;https://docs.google.com/document/d/1uA34t5YQZX1e2rammXQQS6mqdx7d99wxksuvXLTvcMQ/edit?tab=t.ay6hw3i0fu7o
;Akkreditierung, Regular Counter 3 (Check-in Hero);2026-04-09;09:00;12:00;1;https://docs.google.com/document/d/1uA34t5YQZX1e2rammXQQS6mqdx7d99wxksuvXLTvcMQ/edit?tab=t.ay6hw3i0fu7o
;Akkreditierung, Regular Counter 3 (Check-in Hero);2026-04-09;14:00;18:00;1;https://docs.google.com/document/d/1uA34t5YQZX1e2rammXQQS6mqdx7d99wxksuvXLTvcMQ/edit?tab=t.ay6hw3i0fu7o
;Akkreditierung, Regular Counter 4 (Check-in Hero);2026-04-09;09:00;12:00;1;https://docs.google.com/document/d/1uA34t5YQZX1e2rammXQQS6mqdx7d99wxksuvXLTvcMQ/edit?tab=t.ay6hw3i0fu7o
;Akkreditierung, Regular Counter 4 (Check-in Hero);2026-04-09;14:00;18:00;1;https://docs.google.com/document/d/1uA34t5YQZX1e2rammXQQS6mqdx7d99wxksuvXLTvcMQ/edit?tab=t.ay6hw3i0fu7o
;Akkreditierung, Regular Counter 5 (Check-in Hero);2026-04-09;09:00;12:00;1;https://docs.google.com/document/d/1uA34t5YQZX1e2rammXQQS6mqdx7d99wxksuvXLTvcMQ/edit?tab=t.ay6hw3i0fu7o
;Akkreditierung, Regular Counter 5 (Check-in Hero);2026-04-09;14:00;18:00;1;https://docs.google.com/document/d/1uA34t5YQZX1e2rammXQQS6mqdx7d99wxksuvXLTvcMQ/edit?tab=t.ay6hw3i0fu7o
;Akkreditierung, Regular Counter 6 (Check-in Hero);2026-04-09;09:00;12:00;1;https://docs.google.com/document/d/1uA34t5YQZX1e2rammXQQS6mqdx7d99wxksuvXLTvcMQ/edit?tab=t.ay6hw3i0fu7o
;Akkreditierung, Regular Counter 7 (Check-in Hero);2026-04-09;09:00;12:00;1;https://docs.google.com/document/d/1uA34t5YQZX1e2rammXQQS6mqdx7d99wxksuvXLTvcMQ/edit?tab=t.ay6hw3i0fu7o
;Akkreditierung, Regular Counter 8 (Check-in Hero);2026-04-09;09:00;12:00;1;https://docs.google.com/document/d/1uA34t5YQZX1e2rammXQQS6mqdx7d99wxksuvXLTvcMQ/edit?tab=t.ay6hw3i0fu7o
;Akkreditierung, Support Counter 1 (Check-in Hero);2026-04-09;09:00;19:00;1;https://docs.google.com/document/d/1uA34t5YQZX1e2rammXQQS6mqdx7d99wxksuvXLTvcMQ/edit?tab=t.eq0ubt1tfka8
;Construction Hero 1;2026-04-09;09:00;17:00;1;
;Construction Hero 10;2026-04-09;09:00;20:00;1;
;Construction Hero 11;2026-04-09;09:00;17:00;1;
;Construction Hero 12;2026-04-09;12:00;20:00;1;
;Construction Hero 13;2026-04-09;12:00;20:00;1;
;Construction Hero 14;2026-04-09;12:00;20:00;1;
;Construction Hero 15;2026-04-09;12:00;20:00;1;
;Construction Hero 16;2026-04-09;12:00;20:00;1;
;Construction Hero 17;2026-04-09;14:00;20:00;1;
;Construction Hero 18;2026-04-09;09:00;13:00;1;
;Construction Hero 19;2026-04-09;10:00;18:00;1;
;Construction Hero 2;2026-04-09;09:00;17:00;1;
;Construction Hero 20;2026-04-09;12:00;20:00;1;
;Construction Hero 21;2026-04-09;12:00;20:00;1;
;Construction Hero 22;2026-04-09;10:00;18:00;1;
;Construction Hero 23;2026-04-09;10:00;18:00;1;
;Construction Hero 24;2026-04-09;10:00;18:00;1;
;Construction Hero 25;2026-04-09;10:00;18:00;1;
;Construction Hero 3;2026-04-09;09:00;17:00;1;
;Construction Hero 4;2026-04-09;09:00;17:00;1;
;Construction Hero 5;2026-04-09;09:00;17:00;1;
;Construction Hero 6;2026-04-09;09:00;17:00;1;
;Construction Hero 7;2026-04-09;09:00;17:00;1;
;Construction Hero 8;2026-04-09;09:00;17:00;1;
;Construction Hero 9;2026-04-09;12:00;18:00;1;
;Event Operations Lead (Check-in Hero);2026-04-09;07:00;23:00;1;
;Hackathon Hero 1;2026-04-09;10:00;18:00;1;
;Hackathon Hero 2;2026-04-09;08:00;10:00;1;
;Hackathon Hero 2;2026-04-09;13:00;20:00;1;
;Hackathon Hero 3;2026-04-09;08:00;14:00;1;
;Hackathon Hero 4;2026-04-09;08:00;13:00;1;
;Hackathon Hero 5;2026-04-09;08:00;14:00;1;
;Hackathon Hero 5;2026-04-09;08:00;13:00;1;
;Hackathon Hero 6;2026-04-09;08:00;13:00;1;
;Hackathon Hero Lead;2026-04-09;08:00;14:00;1;
;Marketing Hero 1;2026-04-09;08:00;22:00;1;
;Marketing Hero 1.1;2026-04-09;08:00;22:00;1;
;Marketing Hero 1.2;2026-04-09;08:00;22:00;1;
;Marketing Hero 1.3;2026-04-09;08:00;22:00;1;
;Marketing Lead;2026-04-09;07:00;24:00;1;
;Production Help 1;2026-04-09;11:00;20:00;1;
;Production Help 2;2026-04-09;14:00;20:00;1;
;Production Help for Volunteers 2;2026-04-09;14:00;20:00;1;
;Speakers Care Lead 1;2026-04-09;07:00;24:00;1;
;Afterparty 1;2026-04-10;18:00;24:00;1;
;Afterparty 2;2026-04-10;18:00;24:00;1;
;Afterparty 3;2026-04-10;18:00;24:00;1;
;Afterparty 4;2026-04-10;18:00;24:00;1;
;Afterparty 6 - AY Aftershow;2026-04-10;18:00;24:00;1;
;Afterparty 7;2026-04-10;18:00;23:00;1;
;Afterparty 8;2026-04-10;18:00;24:00;1;
;Afterparty 9;2026-04-10;20:00;24:00;1;
;Akkreditierung, Partner Counter 1 (Check-in Hero);2026-04-10;10:00;21:00;1;https://docs.google.com/document/d/1uA34t5YQZX1e2rammXQQS6mqdx7d99wxksuvXLTvcMQ/edit?tab=t.nau5g4c2i8mr
;Akkreditierung, Partner Counter 1.1 (Check-in Hero);2026-04-10;10:00;17:00;1;https://docs.google.com/document/d/1uA34t5YQZX1e2rammXQQS6mqdx7d99wxksuvXLTvcMQ/edit?tab=t.nau5g4c2i8mr
;Akkreditierung, PreScan 1 (Check-in Hero);2026-04-10;11:00;21:00;1;https://docs.google.com/document/d/1uA34t5YQZX1e2rammXQQS6mqdx7d99wxksuvXLTvcMQ/edit?tab=t.e4bl9yyv1k11
;Akkreditierung, PreScan 2 (Check-in Hero);2026-04-10;11:00;19:00;2;https://docs.google.com/document/d/1uA34t5YQZX1e2rammXQQS6mqdx7d99wxksuvXLTvcMQ/edit?tab=t.e4bl9yyv1k11
;Akkreditierung, PreScan 3 (Check-in Hero);2026-04-10;11:00;16:00;1;https://docs.google.com/document/d/1uA34t5YQZX1e2rammXQQS6mqdx7d99wxksuvXLTvcMQ/edit?tab=t.e4bl9yyv1k11
;Akkreditierung, PreScan 4 (Check-in Hero);2026-04-10;12:00;16:00;1;https://docs.google.com/document/d/1uA34t5YQZX1e2rammXQQS6mqdx7d99wxksuvXLTvcMQ/edit?tab=t.e4bl9yyv1k11
;Akkreditierung, Regular Counter 1 (Check-in Hero);2026-04-10;11:00;21:00;1;https://docs.google.com/document/d/1uA34t5YQZX1e2rammXQQS6mqdx7d99wxksuvXLTvcMQ/edit?tab=t.ay6hw3i0fu7o
;Akkreditierung, Regular Counter 1.1 (Check-in Hero);2026-04-10;11:00;17:00;1;https://docs.google.com/document/d/1uA34t5YQZX1e2rammXQQS6mqdx7d99wxksuvXLTvcMQ/edit?tab=t.ay6hw3i0fu7o
;Akkreditierung, Regular Counter 2 (Check-in Hero);2026-04-10;11:00;21:00;1;https://docs.google.com/document/d/1uA34t5YQZX1e2rammXQQS6mqdx7d99wxksuvXLTvcMQ/edit?tab=t.ay6hw3i0fu7o
;Akkreditierung, Regular Counter 2.1 (Check-in Hero);2026-04-10;11:00;17:00;1;https://docs.google.com/document/d/1uA34t5YQZX1e2rammXQQS6mqdx7d99wxksuvXLTvcMQ/edit?tab=t.ay6hw3i0fu7o
;Akkreditierung, Regular Counter 3 (Check-in Hero);2026-04-10;11:00;21:00;1;https://docs.google.com/document/d/1uA34t5YQZX1e2rammXQQS6mqdx7d99wxksuvXLTvcMQ/edit?tab=t.ay6hw3i0fu7o
;Akkreditierung, Regular Counter 4 (Check-in Hero);2026-04-10;11:00;21:00;1;https://docs.google.com/document/d/1uA34t5YQZX1e2rammXQQS6mqdx7d99wxksuvXLTvcMQ/edit?tab=t.ay6hw3i0fu7o
;Akkreditierung, Regular Counter 4.1 (Check-in Hero);2026-04-10;11:00;17:00;1;https://docs.google.com/document/d/1uA34t5YQZX1e2rammXQQS6mqdx7d99wxksuvXLTvcMQ/edit?tab=t.ay6hw3i0fu7o
;Akkreditierung, Regular Counter 5 (Check-in Hero);2026-04-10;11:00;21:00;1;https://docs.google.com/document/d/1uA34t5YQZX1e2rammXQQS6mqdx7d99wxksuvXLTvcMQ/edit?tab=t.ay6hw3i0fu7o
;Akkreditierung, Regular Counter 5.1 (Check-in Hero);2026-04-10;11:00;21:00;1;https://docs.google.com/document/d/1uA34t5YQZX1e2rammXQQS6mqdx7d99wxksuvXLTvcMQ/edit?tab=t.ay6hw3i0fu7o
;Akkreditierung, Regular Counter 6 (Check-in Hero);2026-04-10;11:00;16:00;1;https://docs.google.com/document/d/1uA34t5YQZX1e2rammXQQS6mqdx7d99wxksuvXLTvcMQ/edit?tab=t.ay6hw3i0fu7o
;Akkreditierung, Regular Counter 6.1 (Check-in Hero);2026-04-10;11:00;16:00;1;https://docs.google.com/document/d/1uA34t5YQZX1e2rammXQQS6mqdx7d99wxksuvXLTvcMQ/edit?tab=t.ay6hw3i0fu7o
;Akkreditierung, Regular Counter 7 (Check-in Hero);2026-04-10;11:00;17:00;1;https://docs.google.com/document/d/1uA34t5YQZX1e2rammXQQS6mqdx7d99wxksuvXLTvcMQ/edit?tab=t.ay6hw3i0fu7o
;Akkreditierung, Regular Counter 7.1 (Check-in Hero);2026-04-10;11:00;17:00;1;https://docs.google.com/document/d/1uA34t5YQZX1e2rammXQQS6mqdx7d99wxksuvXLTvcMQ/edit?tab=t.ay6hw3i0fu7o
;Akkreditierung, Regular Counter 8 (Check-in Hero);2026-04-10;11:00;17:00;1;https://docs.google.com/document/d/1uA34t5YQZX1e2rammXQQS6mqdx7d99wxksuvXLTvcMQ/edit?tab=t.ay6hw3i0fu7o
;Akkreditierung, Regular Counter 8.1 (Check-in Hero);2026-04-10;11:00;17:00;1;https://docs.google.com/document/d/1uA34t5YQZX1e2rammXQQS6mqdx7d99wxksuvXLTvcMQ/edit?tab=t.ay6hw3i0fu7o
;Akkreditierung, Speaker Counter 1 (Check-in Hero);2026-04-10;10:00;20:00;1;https://docs.google.com/document/d/1uA34t5YQZX1e2rammXQQS6mqdx7d99wxksuvXLTvcMQ/edit?tab=t.oz2uci5yztgc
;Akkreditierung, Speaker Counter 1.1 (Check-in Hero);2026-04-10;11:00;21:00;2;https://docs.google.com/document/d/1uA34t5YQZX1e2rammXQQS6mqdx7d99wxksuvXLTvcMQ/edit?tab=t.oz2uci5yztgc
;Akkreditierung, Support Counter 1 (Check-in Hero);2026-04-10;10:00;13:00;1;https://docs.google.com/document/d/1uA34t5YQZX1e2rammXQQS6mqdx7d99wxksuvXLTvcMQ/edit?tab=t.eq0ubt1tfka8
;Akkreditierung, Support Counter 1 (Check-in Hero);2026-04-10;15:00;24:00;1;https://docs.google.com/document/d/1uA34t5YQZX1e2rammXQQS6mqdx7d99wxksuvXLTvcMQ/edit?tab=t.eq0ubt1tfka8
;Akkreditierung, Support Counter 1.1 (Check-in Hero);2026-04-10;11:00;21:00;1;https://docs.google.com/document/d/1uA34t5YQZX1e2rammXQQS6mqdx7d99wxksuvXLTvcMQ/edit?tab=t.eq0ubt1tfka8
;Check-In Hero Future of HR Cinemaxx 1;2026-04-10;08:00;10:00;1;https://docs.google.com/document/d/1uA34t5YQZX1e2rammXQQS6mqdx7d99wxksuvXLTvcMQ/edit?tab=t.m3go72v5plil
;Check-In Hero Future of HR Cinemaxx 1.1;2026-04-10;08:00;13:00;1;https://docs.google.com/document/d/1uA34t5YQZX1e2rammXQQS6mqdx7d99wxksuvXLTvcMQ/edit?tab=t.m3go72v5plil
;Check-In Hero Future of HR Cinemaxx 1.2;2026-04-10;08:00;12:00;1;https://docs.google.com/document/d/1uA34t5YQZX1e2rammXQQS6mqdx7d99wxksuvXLTvcMQ/edit?tab=t.m3go72v5plil
;Check-In Hero Future of HR Cinemaxx 1.3;2026-04-10;08:00;12:00;1;https://docs.google.com/document/d/1uA34t5YQZX1e2rammXQQS6mqdx7d99wxksuvXLTvcMQ/edit?tab=t.m3go72v5plil
;Check-In Hero Future of HR Cinemaxx 1.4;2026-04-10;08:00;12:00;1;
;Check-In Hero Future of HR Cinemaxx 1.6;2026-04-10;08:00;12:00;1;
;Cloakroom Hero 1 Lead;2026-04-10;10:00;23:00;1;
;Cloakroom Hero 1 Partner & Speakers - Lead;2026-04-10;10:00;23:00;1;
;Cloakroom Hero 1 Volunteers;2026-04-10;11:00;23:00;1;
;Cloakroom Hero 2;2026-04-10;11:00;20:00;1;
;Cloakroom Hero 2 Partner & Speakers;2026-04-10;11:00;23:00;1;
;Cloakroom Hero 2 Volunteers;2026-04-10;11:00;21:00;1;
;Cloakroom Hero 3;2026-04-10;11:00;22:00;1;
;Cloakroom Hero 3  Partner & Speakers;2026-04-10;11:00;20:00;1;
;Cloakroom Hero 4;2026-04-10;11:00;23:00;1;
;Cloakroom Hero 5;2026-04-10;17:00;23:00;1;
;Event Operations Lead (Check-in Hero);2026-04-10;09:00;23:00;1;
;Hackathon Hero 1;2026-04-10;12:00;18:00;1;
;Hackathon Hero 2;2026-04-10;09:00;14:00;1;
;Hackathon Hero 3;2026-04-10;11:00;17:00;1;
;Hackathon Hero 4;2026-04-10;12:00;13:00;1;
;Hackathon Hero 5;2026-04-10;08:00;14:00;1;
;Hackathon Hero 5;2026-04-10;12:00;18:00;1;
;Hackathon Hero 6;2026-04-10;12:00;18:00;1;
;Hackathon Hero Lead;2026-04-10;08:00;14:00;1;
;Info Point Hero 2;2026-04-10;14:00;17:00;1;
;Info Point Hero 3;2026-04-10;11:00;22:00;1;
;Info Point Hero 4;2026-04-10;10:00;15:00;1;
;Info Point Hero 5;2026-04-10;11:00;21:00;1;
;Info Point Hero lead;2026-04-10;10:00;20:00;1;
;Marketing Hero 1;2026-04-10;08:00;22:00;1;
;Marketing Hero 1.1;2026-04-10;08:00;22:00;1;
;Marketing Hero 1.2;2026-04-10;08:00;22:00;1;
;Marketing Hero 1.3;2026-04-10;08:00;22:00;1;
;Marketing Hero 1.5;2026-04-10;08:00;22:00;1;
;Marketing Lead;2026-04-10;07:00;24:00;1;
;Masterclasses 1 - Lead;2026-04-10;10:00;20:00;1;
;Masterclasses 2 - Lead;2026-04-10;10:00;18:00;1;
;Masterclasses 3;2026-04-10;12:00;18:00;1;
;Masterclasses 4;2026-04-10;12:00;18:00;1;
;Masterclasses 5;2026-04-10;12:00;18:00;1;
;Masterclasses 6;2026-04-10;12:00;18:00;1;
;Personalisierunghelfer & Info 1 (Check-in Hero);2026-04-10;11:00;23:00;1;
;Production Help 1;2026-04-10;10:00;21:00;1;
;Production Help 2;2026-04-10;15:00;21:00;1;
;Production Help for Volunteers 1;2026-04-10;10:00;20:00;1;
;Production Help for Volunteers 2;2026-04-10;15:00;22:00;1;
;Speaker Lounge 1.2 (internal access) lead;2026-04-10;11:00;23:00;1;
;Speaker Reception  1;2026-04-10;18:00;23:00;1;
;Speaker Reception 2;2026-04-10;18:00;23:00;1;
;Speaker Reception 3;2026-04-10;18:00;23:00;1;
;Speaker Reception 4;2026-04-10;20:00;23:00;1;
;Speakers Care 1;2026-04-10;11:00;20:00;1;
;Speakers Care 1.1;2026-04-10;11:00;20:00;1;
;Speakers Care 1.2;2026-04-10;11:00;20:00;1;
;Speakers Care 1.3;2026-04-10;11:00;20:00;1;
;Speakers Care 1.4;2026-04-10;11:00;20:00;1;
;Speakers Care 1.5;2026-04-10;11:00;20:00;1;
;Speakers Care 1.6;2026-04-10;11:00;19:00;1;
;Speakers Care 1.7;2026-04-10;11:00;20:00;1;
;Speakers Care 1.8;2026-04-10;11:00;20:00;1;
;Speakers Care Lead 1;2026-04-10;07:00;24:00;1;
;Speakers Care Lead 2;2026-04-10;09:00;20:00;1;
;Speakers Lounge 1;2026-04-10;11:00;20:00;1;
;Speakers Lounge 1.1;2026-04-10;11:00;20:00;1;
;Speakerscare 1.10;2026-04-10;11:00;20:00;1;
;Speakerscare 1.9;2026-04-10;11:00;20:00;1;
;Stage Management, Impact & Tech Stage Lead;2026-04-10;10:00;19:00;2;
;Stage Management, Impact & Tech Stage Runner;2026-04-10;11:00;19:00;1;
;Stage Management, Impact & Tech Stage Runner;2026-04-10;11:00;19:00;1;
;Stage Management, Impact & Tech Stage Runner;2026-04-10;11:00;19:00;1;
;Stage Management, Impact & Tech Stage Runner;2026-04-10;14:00;19:00;1;
;Stage Management, Impact & Tech Techincal Support;2026-04-10;11:00;19:00;1;
;Stage Management, Impossible Founders  (Stage Runner);2026-04-10;11:00;20:00;1;
;Stage Management, Impossible Founders (Stage Runner);2026-04-10;11:00;20:00;1;
;Stage Management, Impossible Founders (Stage Runner);2026-04-10;11:00;20:00;1;
;Stage Management, Impossible Founders (Stage Runner);2026-04-10;11:00;20:00;1;
;Stage Management, Impossible Founders (Technical Support);2026-04-10;10:00;20:00;1;
;Stage Management, Impossible Founders (Technical Support);2026-04-10;11:00;20:00;1;
;Stage Management, Impossible Founders Lead;2026-04-10;10:00;20:00;1;
;Stage Management, Industry Stage Lead;2026-04-10;10:00;19:00;1;
;Stage Management, Industry Stage Runner;2026-04-10;11:00;19:00;1;
;Stage Management, Industry Stage Runner;2026-04-10;11:00;19:00;1;
;Stage Management, Industry Technical Headphone Support;2026-04-10;11:00;19:00;1;
;Stage Management, Industry Technical Headphone Support;2026-04-10;11:00;19:00;1;
;Stage Management, Industry Technical Headphone Support;2026-04-10;11:00;19:00;1;
;Stage Management, Leadership & Growth  (Stage Runner);2026-04-10;11:00;19:00;1;
;Stage Management, Leadership & Growth  (Technical Support);2026-04-10;11:00;19:00;1;
;Stage Management, Leadership & Growth  (Technical Support);2026-04-10;11:00;18:00;1;
;Stage Management, Leadership & Growth (Moderation);2026-04-10;10:00;11:00;1;
;Stage Management, Leadership & Growth (Technical Support);2026-04-10;11:00;19:00;1;
;Stage Management, Leadership & Growth Speakers Lead;2026-04-10;10:00;19:00;1;
;Stage Management, Leadership & Growth Stage Lead;2026-04-10;10:00;19:00;1;
;Stage Management, Mainstage  Stage Runner;2026-04-10;11:00;20:00;1;
;Stage Management, Mainstage Lead;2026-04-10;10:00;20:00;1;
;Stage Management, Mainstage Speakers Lead;2026-04-10;10:00;20:00;1;
;Stage Management, Mainstage Techincal Support;2026-04-10;11:00;20:00;1;
;Stage Management, Mainstage Techincal Support;2026-04-10;11:00;20:00;1;
;Stage Management, Zeit Future Forum Stage Lead;2026-04-10;10:00;19:00;1;
;Stage Management, Zeit Future Forum Stage Runner;2026-04-10;10:00;19:00;1;
;Stage Management, Zeit Future Forum Techincal Headphone  Support;2026-04-10;11:00;19:00;1;
;Stage Management, Zeit Future Forum Techincal Headphone Support;2026-04-10;11:00;19:00;1;
;Stage Management, Zeit Future Forum Techincal Headphone Support;2026-04-10;11:00;19:00;1;
;Sustainability Hero   Station 2.2;2026-04-10;14:00;20:00;1;
;Sustainability Hero  Station 1.1;2026-04-10;11:00;23:00;1;
;Sustainability Hero  Station 1.2;2026-04-10;17:00;22:00;1;
;Sustainability Hero  Station 1.3;2026-04-10;14:00;21:00;1;
;Sustainability Hero  Station 2.1;2026-04-10;17:00;23:00;1;
;Sustainability Hero  Station 2.3;2026-04-10;17:00;23:00;1;
;Sustainability Hero  Station 3.1;2026-04-10;11:00;23:00;1;
;Sustainability Hero  Station 3.2;2026-04-10;16:00;22:00;1;
;Sustainability Hero  Station 3.3;2026-04-10;16:00;23:00;1;
;Sustainability Hero Field 1;2026-04-10;17:00;23:00;1;
;Sustainability Hero Field 2;2026-04-10;14:00;20:00;1;
;Sustainability Hero Field 3;2026-04-10;11:00;23:00;1;
;Sustainability Hero Field 4;2026-04-10;14:00;20:00;1;
;Sustainability Hero Field 5;2026-04-10;11:00;23:00;1;
;Sustainability Hero Field 6;2026-04-10;18:00;23:00;1;
;Sustainability Hero Lead;2026-04-10;08:00;10:00;1;
;Sustainability Hero Lead;2026-04-10;11:00;23:00;1;
;Sustainability Hero Warehouse 1;2026-04-10;11:00;23:00;1;
;Sustainability Hero Warehouse 2;2026-04-10;11:00;19:00;1;
;Sustainability Hero Warehouse 3;2026-04-10;11:00;23:00;1;
;Sustainability Hero Warehouse 4;2026-04-10;17:00;23:00;1;
;Zutrittskontrolle, Gate 1 (Eingang) (Check-in Hero);2026-04-10;10:00;23:00;1;https://docs.google.com/document/d/1uA34t5YQZX1e2rammXQQS6mqdx7d99wxksuvXLTvcMQ/edit?tab=t.rivba8ydb3xi
;Zutrittskontrolle, Gate 2 (Eingang) (Check-in Hero);2026-04-10;10:00;23:00;1;https://docs.google.com/document/d/1uA34t5YQZX1e2rammXQQS6mqdx7d99wxksuvXLTvcMQ/edit?tab=t.rivba8ydb3xi
;Zutrittskontrolle, Gate 3 (Ein/Ausgang) (Check-in Hero);2026-04-10;11:00;22:00;1;https://docs.google.com/document/d/1uA34t5YQZX1e2rammXQQS6mqdx7d99wxksuvXLTvcMQ/edit?tab=t.rivba8ydb3xi
;Zutrittskontrolle, Gate 4 (Ein/Ausgang) (Check-in Hero);2026-04-10;11:00;21:00;1;https://docs.google.com/document/d/1uA34t5YQZX1e2rammXQQS6mqdx7d99wxksuvXLTvcMQ/edit?tab=t.rivba8ydb3xi
;Zutrittskontrolle, Gate 5 (Ausgang) (Check-in Hero);2026-04-10;11:00;23:00;1;https://docs.google.com/document/d/1uA34t5YQZX1e2rammXQQS6mqdx7d99wxksuvXLTvcMQ/edit?tab=t.rivba8ydb3xi
;Zutrittskontrolle, Gate 6 (Ausgang) (Check-in Hero);2026-04-10;11:00;23:00;1;https://docs.google.com/document/d/1uA34t5YQZX1e2rammXQQS6mqdx7d99wxksuvXLTvcMQ/edit?tab=t.rivba8ydb3xi
;Afterparty 1;2026-04-11;19:00;24:00;1;
;Afterparty 12;2026-04-11;16:00;22:00;1;
;Afterparty 13;2026-04-11;16:00;22:00;1;
;Afterparty 2;2026-04-11;18:00;24:00;1;
;Afterparty 3;2026-04-11;18:00;24:00;1;
;Afterparty 4;2026-04-11;18:00;22:00;1;
;Afterparty 6 - AY Aftershow;2026-04-11;19:00;24:00;1;
;Afterparty 8;2026-04-11;18:00;24:00;1;
;Akkreditierung, Partner Counter 1 (Check-in Hero);2026-04-11;10:00;20:00;1;https://docs.google.com/document/d/1uA34t5YQZX1e2rammXQQS6mqdx7d99wxksuvXLTvcMQ/edit?tab=t.nau5g4c2i8mr
;Akkreditierung, Partner Counter 1.1 (Check-in Hero);2026-04-11;15:00;20:00;1;https://docs.google.com/document/d/1uA34t5YQZX1e2rammXQQS6mqdx7d99wxksuvXLTvcMQ/edit?tab=t.nau5g4c2i8mr
;Akkreditierung, PreScan 1 (Check-in Hero);2026-04-11;10:00;20:00;1;https://docs.google.com/document/d/1uA34t5YQZX1e2rammXQQS6mqdx7d99wxksuvXLTvcMQ/edit?tab=t.e4bl9yyv1k11
;Akkreditierung, PreScan 2 (Check-in Hero);2026-04-11;10:00;20:00;1;https://docs.google.com/document/d/1uA34t5YQZX1e2rammXQQS6mqdx7d99wxksuvXLTvcMQ/edit?tab=t.e4bl9yyv1k11
;Akkreditierung, PreScan 3 (Check-in Hero);2026-04-11;15:00;18:00;1;https://docs.google.com/document/d/1uA34t5YQZX1e2rammXQQS6mqdx7d99wxksuvXLTvcMQ/edit?tab=t.e4bl9yyv1k11
;Akkreditierung, Regular Counter 1 (Check-in Hero);2026-04-11;10:00;16:00;1;https://docs.google.com/document/d/1uA34t5YQZX1e2rammXQQS6mqdx7d99wxksuvXLTvcMQ/edit?tab=t.ay6hw3i0fu7o
;Akkreditierung, Regular Counter 1 (Check-in Hero);2026-04-11;18:00;20:00;1;https://docs.google.com/document/d/1uA34t5YQZX1e2rammXQQS6mqdx7d99wxksuvXLTvcMQ/edit?tab=t.ay6hw3i0fu7o
;Akkreditierung, Regular Counter 2 (Check-in Hero);2026-04-11;10:00;20:00;1;https://docs.google.com/document/d/1uA34t5YQZX1e2rammXQQS6mqdx7d99wxksuvXLTvcMQ/edit?tab=t.ay6hw3i0fu7o
;Akkreditierung, Regular Counter 3 (Check-in Hero);2026-04-11;10:00;20:00;1;https://docs.google.com/document/d/1uA34t5YQZX1e2rammXQQS6mqdx7d99wxksuvXLTvcMQ/edit?tab=t.ay6hw3i0fu7o
;Akkreditierung, Regular Counter 4 (Check-in Hero);2026-04-11;10:00;20:00;1;https://docs.google.com/document/d/1uA34t5YQZX1e2rammXQQS6mqdx7d99wxksuvXLTvcMQ/edit?tab=t.ay6hw3i0fu7o
;Akkreditierung, Regular Counter 5 (Check-in Hero);2026-04-11;10:00;15:00;1;https://docs.google.com/document/d/1uA34t5YQZX1e2rammXQQS6mqdx7d99wxksuvXLTvcMQ/edit?tab=t.ay6hw3i0fu7o
;Akkreditierung, Regular Counter 6 (Check-in Hero);2026-04-11;11:00;16:00;2;https://docs.google.com/document/d/1uA34t5YQZX1e2rammXQQS6mqdx7d99wxksuvXLTvcMQ/edit?tab=t.ay6hw3i0fu7o
;Akkreditierung, Regular Counter 7 (Check-in Hero);2026-04-11;10:00;17:00;1;https://docs.google.com/document/d/1uA34t5YQZX1e2rammXQQS6mqdx7d99wxksuvXLTvcMQ/edit?tab=t.ay6hw3i0fu7o
;Akkreditierung, Speaker Counter 1 (Check-in Hero);2026-04-11;10:00;20:00;1;https://docs.google.com/document/d/1uA34t5YQZX1e2rammXQQS6mqdx7d99wxksuvXLTvcMQ/edit?tab=t.oz2uci5yztgc
;Akkreditierung, Speaker Counter 1.1 (Check-in Hero);2026-04-11;10:00;20:00;1;https://docs.google.com/document/d/1uA34t5YQZX1e2rammXQQS6mqdx7d99wxksuvXLTvcMQ/edit?tab=t.oz2uci5yztgc
;Akkreditierung, Support Counter 1 (Check-in Hero);2026-04-11;10:00;23:00;2;https://docs.google.com/document/d/1uA34t5YQZX1e2rammXQQS6mqdx7d99wxksuvXLTvcMQ/edit?tab=t.eq0ubt1tfka8
;Akkreditierung, Support Counter 1.1 (Check-in Hero);2026-04-11;10:00;21:00;1;https://docs.google.com/document/d/1uA34t5YQZX1e2rammXQQS6mqdx7d99wxksuvXLTvcMQ/edit?tab=t.eq0ubt1tfka8
;Check-In Hero VC Breakfast Radisson 1;2026-04-11;08:00;11:00;1;https://docs.google.com/document/d/1uA34t5YQZX1e2rammXQQS6mqdx7d99wxksuvXLTvcMQ/edit?tab=t.m3go72v5plil
;Check-In Hero VC Breakfast Radisson 1.1;2026-04-11;08:00;11:00;1;https://docs.google.com/document/d/1uA34t5YQZX1e2rammXQQS6mqdx7d99wxksuvXLTvcMQ/edit?tab=t.m3go72v5plil
;Check-In Hero VC Breakfast Radisson 1.2;2026-04-11;08:00;11:00;1;https://docs.google.com/document/d/1uA34t5YQZX1e2rammXQQS6mqdx7d99wxksuvXLTvcMQ/edit?tab=t.m3go72v5plil
;Check-In Hero VC Breakfast Radisson 1.3;2026-04-11;08:00;11:00;1;https://docs.google.com/document/d/1uA34t5YQZX1e2rammXQQS6mqdx7d99wxksuvXLTvcMQ/edit?tab=t.m3go72v5plil
;Cloakroom Hero 1 Lead;2026-04-11;11:00;24:00;1;
;Cloakroom Hero 1 Partner & Speakers - Lead;2026-04-11;11:00;24:00;1;
;Cloakroom Hero 1 Volunteers;2026-04-11;11:00;23:00;1;
;Cloakroom Hero 2;2026-04-11;12:00;23:00;1;
;Cloakroom Hero 2 Partner & Speakers;2026-04-11;11:00;20:00;1;
;Cloakroom Hero 2 Volunteers;2026-04-11;13:00;18:00;1;
;Cloakroom Hero 3;2026-04-11;12:00;23:00;1;
;Cloakroom Hero 3  Partner & Speakers;2026-04-11;14:00;20:00;1;
;Cloakroom Hero 4;2026-04-11;12:00;22:00;1;
;Cloakroom Hero 5;2026-04-11;12:00;22:00;1;
;Cloakroom Hero 6;2026-04-11;14:00;19:00;1;
;Event Operations Lead (Check-in Hero);2026-04-11;07:00;23:00;1;
;Info Point Hero 2;2026-04-11;12:00;21:00;1;
;Info Point Hero 3;2026-04-11;10:00;22:00;1;
;Info Point Hero 4;2026-04-11;12:00;18:00;1;
;Info Point Hero 5;2026-04-11;12:00;22:00;1;
;Info Point Hero lead;2026-04-11;10:00;20:00;1;
;Marketing Hero 1;2026-04-11;08:00;21:00;1;
;Marketing Hero 1.1;2026-04-11;08:00;21:00;1;
;Marketing Hero 1.2;2026-04-11;08:00;21:00;1;
;Marketing Hero 1.3;2026-04-11;08:00;21:00;1;
;Marketing Hero 1.5;2026-04-11;08:00;21:00;1;
;Marketing Lead;2026-04-11;07:00;24:00;1;
;Masterclasses 1 - Lead;2026-04-11;10:00;20:00;1;
;Masterclasses 2 - Lead;2026-04-11;11:00;17:00;1;
;Masterclasses 3;2026-04-11;13:00;18:00;1;
;Masterclasses 4;2026-04-11;12:00;18:00;1;
;Masterclasses 5;2026-04-11;13:00;18:00;1;
;Masterclasses 6;2026-04-11;13:00;18:00;1;
;Personalisierunghelfer & Info 1 (Check-in Hero);2026-04-11;10:00;20:00;1;
;Production Help 1;2026-04-11;10:00;21:00;1;
;Production Help 2;2026-04-11;12:00;21:00;1;
;Production Help for Volunteers 1;2026-04-11;10:00;21:00;1;
;Production Help for Volunteers 2;2026-04-11;10:00;18:00;2;
;Speaker Lounge 1.2 (internal access) lead;2026-04-11;10:00;23:00;1;
;Speakers Care 1;2026-04-11;11:00;20:00;1;
;Speakers Care 1.1;2026-04-11;11:00;20:00;1;
;Speakers Care 1.2;2026-04-11;11:00;20:00;1;
;Speakers Care 1.3;2026-04-11;11:00;20:00;1;
;Speakers Care 1.4;2026-04-11;11:00;20:00;1;
;Speakers Care 1.5;2026-04-11;11:00;20:00;1;
;Speakers Care 1.6;2026-04-11;11:00;20:00;1;
;Speakers Care 1.7;2026-04-11;11:00;20:00;1;
;Speakers Care 1.8;2026-04-11;11:00;20:00;1;
;Speakers Care Lead 1;2026-04-11;07:00;24:00;1;
;Speakers Care Lead 2;2026-04-11;11:00;20:00;1;
;Speakers Lounge 1;2026-04-11;11:00;20:00;1;
;Speakers Lounge 1.1;2026-04-11;10:00;20:00;1;
;Speakerscare 1.10;2026-04-11;11:00;19:00;1;
;Speakerscare 1.9;2026-04-11;11:00;20:00;1;
;Stage Management, Impact & Tech Stage Lead;2026-04-11;10:00;19:00;1;
;Stage Management, Impact & Tech Stage Runner;2026-04-11;11:00;19:00;1;
;Stage Management, Impact & Tech Stage Runner;2026-04-11;11:00;19:00;1;
;Stage Management, Impact & Tech Stage Runner;2026-04-11;11:00;19:00;1;
;Stage Management, Impact & Tech Stage Runner;2026-04-11;11:00;19:00;1;
;Stage Management, Impact & Tech Techincal Support;2026-04-11;11:00;19:00;1;
;Stage Management, Impossible Founders  (Stage Runner);2026-04-11;11:00;19:00;1;
;Stage Management, Impossible Founders (Stage Runner);2026-04-11;11:00;19:00;1;
;Stage Management, Impossible Founders (Stage Runner);2026-04-11;11:00;19:00;1;
;Stage Management, Impossible Founders (Stage Runner);2026-04-11;11:00;19:00;1;
;Stage Management, Impossible Founders (Technical Support);2026-04-11;10:00;19:00;1;
;Stage Management, Impossible Founders (Technical Support);2026-04-11;11:00;19:00;1;
;Stage Management, Impossible Founders Lead;2026-04-11;10:00;19:00;1;
;Stage Management, Industry Stage Lead;2026-04-11;10:00;19:00;1;
;Stage Management, Industry Stage Runner;2026-04-11;10:00;19:00;1;
;Stage Management, Industry Stage Runner;2026-04-11;11:00;19:00;1;
;Stage Management, Industry Technical Headphone Support;2026-04-11;11:00;19:00;1;
;Stage Management, Industry Technical Headphone Support;2026-04-11;11:00;19:00;1;
;Stage Management, Industry Technical Headphone Support;2026-04-11;11:00;19:00;1;
;Stage Management, Leadership & Growth  (Stage Runner);2026-04-11;11:00;19:00;1;
;Stage Management, Leadership & Growth  (Technical Support);2026-04-11;11:00;17:00;1;
;Stage Management, Leadership & Growth  (Technical Support);2026-04-11;11:00;19:00;1;
;Stage Management, Leadership & Growth (Moderation);2026-04-11;10:00;11:00;1;
;Stage Management, Leadership & Growth (Technical Support);2026-04-11;11:00;19:00;1;
;Stage Management, Leadership & Growth Speakers Lead;2026-04-11;10:00;19:00;1;
;Stage Management, Leadership & Growth Stage Lead;2026-04-11;10:00;19:00;1;
;Stage Management, Mainstage  Stage Runner;2026-04-11;11:00;20:00;1;
;Stage Management, Mainstage Lead;2026-04-11;10:00;20:00;1;
;Stage Management, Mainstage Speakers Lead;2026-04-11;10:00;20:00;1;
;Stage Management, Mainstage Techincal Support;2026-04-11;11:00;20:00;1;
;Stage Management, Mainstage Techincal Support;2026-04-11;11:00;20:00;1;
;Stage Management, Zeit Future Forum Stage Lead;2026-04-11;10:00;19:00;1;
;Stage Management, Zeit Future Forum Stage Runner;2026-04-11;10:00;19:00;1;
;Stage Management, Zeit Future Forum Techincal Headphone  Support;2026-04-11;11:00;19:00;1;
;Stage Management, Zeit Future Forum Techincal Headphone Support;2026-04-11;11:00;19:00;1;
;Stage Management, Zeit Future Forum Techincal Headphone Support;2026-04-11;11:00;19:00;1;
;Sustainability Hero  Station 1.1;2026-04-11;11:00;17:00;1;
;Sustainability Hero  Station 1.2;2026-04-11;15:00;21:00;1;
;Sustainability Hero  Station 1.3;2026-04-11;11:00;22:00;1;
;Sustainability Hero  Station 2.1;2026-04-11;15:00;22:00;1;
;Sustainability Hero  Station 2.3;2026-04-11;11:00;22:00;1;
;Sustainability Hero  Station 3.2;2026-04-11;15:00;20:00;1;
;Sustainability Hero  Station 3.3;2026-04-11;11:00;22:00;1;
;Sustainability Hero Field 1;2026-04-11;11:00;23:00;1;
;Sustainability Hero Field 2;2026-04-11;11:00;23:00;1;
;Sustainability Hero Field 3;2026-04-11;13:00;19:00;1;
;Sustainability Hero Field 4;2026-04-11;13:00;19:00;1;
;Sustainability Hero Field 5;2026-04-11;13:00;20:00;1;
;Sustainability Hero Field 6;2026-04-11;14:00;19:00;1;
;Sustainability Hero Lead;2026-04-11;08:00;24:00;1;
;Sustainability Hero Warehouse 1;2026-04-11;11:00;17:00;1;
;Sustainability Hero Warehouse 2;2026-04-11;11:00;17:00;1;
;Sustainability Hero Warehouse 3;2026-04-11;16:00;21:00;1;
;Sustainability Hero Warehouse 4;2026-04-11;15:00;21:00;1;
;VC Breakfast 1;2026-04-11;08:00;14:00;1;
;VC Breakfast 2;2026-04-11;08:00;14:00;1;
;VC Breakfast 3;2026-04-11;08:00;13:00;1;
;VC Breakfast 4;2026-04-11;08:00;11:00;1;
;Zutrittskontrolle, Gate 1 (Eingang) (Check-in Hero);2026-04-11;10:00;20:00;1;https://docs.google.com/document/d/1uA34t5YQZX1e2rammXQQS6mqdx7d99wxksuvXLTvcMQ/edit?tab=t.rivba8ydb3xi
;Zutrittskontrolle, Gate 2 (Eingang) (Check-in Hero);2026-04-11;10:00;23:00;1;https://docs.google.com/document/d/1uA34t5YQZX1e2rammXQQS6mqdx7d99wxksuvXLTvcMQ/edit?tab=t.rivba8ydb3xi
;Zutrittskontrolle, Gate 3 (Ein/Ausgang) (Check-in Hero);2026-04-11;10:00;23:00;1;https://docs.google.com/document/d/1uA34t5YQZX1e2rammXQQS6mqdx7d99wxksuvXLTvcMQ/edit?tab=t.rivba8ydb3xi
;Zutrittskontrolle, Gate 4 (Ein/Ausgang) (Check-in Hero);2026-04-11;10:00;21:00;1;https://docs.google.com/document/d/1uA34t5YQZX1e2rammXQQS6mqdx7d99wxksuvXLTvcMQ/edit?tab=t.rivba8ydb3xi
;Zutrittskontrolle, Gate 5 (Ausgang) (Check-in Hero);2026-04-11;10:00;21:00;1;https://docs.google.com/document/d/1uA34t5YQZX1e2rammXQQS6mqdx7d99wxksuvXLTvcMQ/edit?tab=t.rivba8ydb3xi
;Zutrittskontrolle, Gate 6 (Ausgang) (Check-in Hero);2026-04-11;11:00;23:00;1;https://docs.google.com/document/d/1uA34t5YQZX1e2rammXQQS6mqdx7d99wxksuvXLTvcMQ/edit?tab=t.rivba8ydb3xi
;Akkreditierung, Regular Counter 1 (Check-in Hero);2026-04-12;10:00;13:00;1;https://docs.google.com/document/d/1uA34t5YQZX1e2rammXQQS6mqdx7d99wxksuvXLTvcMQ/edit?tab=t.ay6hw3i0fu7o
;Construction Hero 1;2026-04-12;09:00;15:00;1;
;Construction Hero 11;2026-04-12;10:00;16:00;1;
;Construction Hero 12;2026-04-12;10:00;16:00;1;
;Construction Hero 13;2026-04-12;10:00;16:00;1;
;Construction Hero 14;2026-04-12;10:00;16:00;1;
;Construction Hero 15;2026-04-12;10:00;16:00;1;
;Construction Hero 16;2026-04-12;10:00;16:00;1;
;Construction Hero 18;2026-04-12;10:00;16:00;1;
;Construction Hero 19;2026-04-12;10:00;16:00;1;
;Construction Hero 2;2026-04-12;09:00;15:00;1;
;Construction Hero 20;2026-04-12;10:00;16:00;1;
;Construction Hero 21;2026-04-12;10:00;16:00;1;
;Construction Hero 23;2026-04-12;09:00;15:00;1;
;Construction Hero 24;2026-04-12;09:00;15:00;1;
;Construction Hero 25;2026-04-12;09:00;15:00;1;
;Construction Hero 26;2026-04-12;09:00;15:00;1;
;Construction Hero 27;2026-04-12;09:00;15:00;1;
;Construction Hero 28;2026-04-12;09:00;15:00;1;
;Construction Hero 29;2026-04-12;09:00;15:00;1;
;Construction Hero 5;2026-04-12;09:00;15:00;1;
;Construction Hero 6;2026-04-12;09:00;15:00;1;
;Construction Hero 7;2026-04-12;09:00;15:00;1;
;Construction Hero 8;2026-04-12;09:00;15:00;1;
;Event Operations Lead (Check-in Hero);2026-04-12;07:00;13:00;1;
